OBJECTID,CREATED,MODIFIEDLAST,MODIFIEDBY,SERIAL_NO,RESERVE_NAME,LOCATION,SUBURB,ACTIVE_PASSIVE,DESCRIPTION,COMPKEY,COMPTYPE,Shape_STArea__,Shape_STLength__
1,2005-11-02T09:46:13.000Z,,cm,1,Alberton Oval,Cnr Brougham Pl & Queen St,ALBERTON,Active,,,,57864.421745,959.08053
2,2005-11-02T09:46:13.000Z,,cm,2,Company Square,"Todd St, Fussell Pl",ALBERTON,Passive,,,,10577.265098,482.538441
3,2005-11-02T09:46:13.000Z,,cm,3,Pioneer Park,Lot 5 Parker St,ALBERTON,Passive,,,,11124.181026,476.224463
4,2005-11-02T09:46:13.000Z,,cm,4,Port Rd Median,Port Rd Median,PORT ADELAIDE,Passive,,,,73601.745984,5438.910369
5,2005-11-02T09:46:14.000Z,,cm,5,St Patricks Square Reserve,"Lot 101 Queen St, Wellington St, Melbourne St",ALBERTON,Passive,,,,16365.157923,515.963985
6,2005-11-02T09:46:14.000Z,,cm,12,Birkenhead Reserve,"Wells St, Heath St, Fletcher St",BIRKENHEAD,Passive,,,,14904.916948,646.591386
7,2005-11-02T09:46:14.000Z,,cm,13,Cruikshanks Corner,"Front of pub, Elder Rd",BIRKENHEAD,Passive,,,,425.74833,148.788069
8,2005-11-02T09:46:14.000Z,2008-05-16T09:02:50.000Z,cm,363,Blair Athol Meals on Wheels,"51 Barton St, cnr Alice St",BLAIR ATHOL,Passive,,,,1529.029362,159.7957
9,2005-11-02T09:46:14.000Z,,cm,16,Blair Athol Reserve,Cnr Lionel Ave & Lily St,BLAIR ATHOL,Active,,,,56159.85275,956.812559
10,2005-11-02T09:46:14.000Z,2008-05-16T09:08:22.000Z,cm,330,Dingley Dell Reserve,Cnr Angwin Ave & Athol Ave,BLAIR ATHOL,Passive,,,,3362.253483,264.584755
11,2005-11-02T09:46:15.000Z,,cm,18,Jaffrey St Rose Gardens,Cnr Sylvia St & Jaffrey St,BLAIR ATHOL,Passive,,,,4632.849676,453.620752
12,2005-11-02T09:46:15.000Z,,cm,19,Rushworth Reserve,Cnr Rushworth St & Anson St,BLAIR ATHOL,Active,,,,16978.789133,522.070728
13,2005-11-02T09:46:15.000Z,,cm,,Broadview Oval,"Myponga Tce, Collingrove Ave",BROADVIEW,Active,Prospect Council Area,,,58610.368705,1007.028795
14,2005-11-02T09:46:15.000Z,2008-05-16T09:09:38.000Z,cm,20,Galway Ave median strip,Galway Ave,BROADVIEW,Passive,Median strip,,,3275.491224,827.752377
15,2005-11-02T09:46:15.000Z,,cm,28,Plano Park,Cnr Grand Junction Rd & Hampstead Rd,CLEARVIEW,Passive,,,,2714.024098,207.892244
16,2005-11-02T09:46:15.000Z,,cm,523,Austral Ave Reserve,Cnr Austral & Guildford Ave,CLEARVIEW,Passive,,,,1106.282197,235.589505
17,2005-11-02T09:46:15.000Z,,cm,24,Branson Reserve,Cnr Blyth & Branson Ave,CLEARVIEW,Passive,,,,4808.673106,362.057761
18,2005-11-02T09:46:15.000Z,,cm,25,Clearview Community Centre,11 Clearview Crs,CLEARVIEW,Passive,,,,1109.723634,140.433131
19,2005-11-02T09:46:15.000Z,,cm,26,Coleridge Reserve,"Gordon Ave, Coleridge Crs",CLEARVIEW,Passive,,,,10651.495654,452.61491
20,2005-11-02T09:46:15.000Z,,cm,27,Major Peter Badcoe Reserve,Fairview St & St Albans Tce,CLEARVIEW,Active,,,,16149.035328,536.043774
21,2005-11-02T09:46:16.000Z,,cm,29,Somerset Reserve,Cnr Somerset Ave & Sarnia Ave,CLEARVIEW,Active,,,,17158.20177,567.875366
22,2005-11-02T09:46:16.000Z,,cm,30,St Albans Reserve,Cnr Radford Ave & Chester Ave,CLEARVIEW,Active,,,,23664.644846,641.481782
23,2005-11-02T09:46:16.000Z,,cm,32,Cooper Ave Reserve,Lot 15 Cooper Ave,CROYDON PARK,Passive,,,,642.095039,113.470161
24,2005-11-02T09:46:16.000Z,,cm,33,Hotchkiss Cres Playground,Cnr South Rd & Hotchkiss Cres,CROYDON PARK,Passive,Croydon Park Playground,,,2295.933878,199.813132
25,2005-11-02T09:46:16.000Z,,cm,34,Durant Rd Reserve,Cnr Crossley Ave & Durant Rd,CROYDON PARK,Passive,,,,4978.336525,289.092959
26,2005-11-02T09:46:16.000Z,,cm,36,Hudson Ave Reserve,Cnr Hudson Ave & Crossley Ave,CROYDON PARK,Active,,,,13628.266003,648.850373
27,2005-11-02T09:46:16.000Z,,cm,298,Janice Jensen Reserve,Between Star St & Pym St,DUDLEY PARK,Passive,,,,20245.826584,1951.19347
28,2005-11-02T09:46:16.000Z,,cm,37,Polonia Soccer Field,313-323 South Rd,CROYDON PARK,Active,,,,24931.369306,632.308817
29,2005-11-02T09:46:16.000Z,2008-05-16T09:10:13.000Z,cm,348,Devon Park Community Centre,7 Cavendish Ave,DEVON PARK,Passive,,,,1028.887825,143.340981
30,2005-11-02T09:46:17.000Z,,cm,38,Devon Park Reserve / Playground,Cnr Simpson Ave & Harrison Rd,DEVON PARK,Passive,,,,2691.066196,202.976551
31,2005-11-02T09:46:17.000Z,,cm,35,Harrison Rd Plantation,Harrison Rd,CROYDON PARK,Passive,,,,1759.396391,651.156311
32,2005-11-02T09:46:17.000Z,,cm,39,Dry Creek Reserve Oval,Cnr Churchill Rd North & Flame Ave,DRY CREEK,Active,,,,27626.097047,697.628024
33,2005-11-02T09:46:17.000Z,,cm,40,Dry Creek Reserve Playground,Cnr Churchill Rd North & Flame Ave,DRY CREEK,Passive,,,,2070.671421,191.134847
34,2005-11-02T09:46:17.000Z,,cm,41,Bayer Ave Recreational Reserve,"Cnr Bayer Ave, Young & Hawes St's",DUDLEY PARK,Passive,,,,3611.036069,234.902092
35,2005-11-02T09:46:17.000Z,,cm,345,Bayer Ave Dryland Reserve,"Bayer Ave, Regency Rd, & Clements St",DUDLEY PARK,Passive,Adj Aboriginal Hostels Ltd,,,1069.699016,162.683323
36,2005-11-02T09:46:17.000Z,,cm,43,Betty Preston Reserve,Wlaker Ct,ENFIELD,Passive,,,,4512.708814,592.605109
37,2005-11-02T09:46:18.000Z,,cm,45,Durand Tce,Lot 289 Durand Tce,ENFIELD,Passive,Traffic Island,,,130.925455,55.419948
38,2005-11-02T09:46:18.000Z,,cm,47,Enfield Community Centre,540 Regency Rd,ENFIELD,,,,,19982.677882,562.175817
39,2005-11-02T09:46:18.000Z,,cm,48,Enfield Library,1-9 Kensington Crs,ENFIELD,Passive,,,,3409.063311,262.307462
40,2005-11-02T09:46:18.000Z,,cm,50,Kensington Cres,Kensington Cres,ENFIELD,Passive,,,,7800.265318,1222.515488
42,2005-11-02T09:46:18.000Z,,cm,60,Pioneer Cemetery,341 Main North Rd,ENFIELD,Passive,,,,925.128572,134.708221
43,2005-11-02T09:46:18.000Z,,cm,52,Southbury Cres,Lot 151 Silver St,ENFIELD,Passive,,,,1797.106065,163.116224
44,2005-11-02T09:46:18.000Z,,cm,46,The Embankment,Lot 288 Durand Tce,ENFIELD,Passive,Plantation strip,,,2436.87363,1264.490391
45,2005-11-02T09:46:18.000Z,,cm,54,Wheeler Park,Lot 268 Durand Tce,ENFIELD,Passive,,,,398.352091,95.20532
46,2005-11-02T09:46:18.000Z,,cm,299,Wilkinson Common,Lot 120 Wilkinson Crt,ENFIELD,Passive,,,,6822.268439,461.481038
47,2005-11-02T09:46:19.000Z,2008-10-13T11:51:06.000Z,cm,61,Portside Christian School Oval,Bower Rd,NEW PORT,Passive,,,,13544.67383,562.181281
48,2005-11-02T09:46:19.000Z,,cm,57,Causeway Rd,Causeway Rd,ETHELTON,Passive,Hart St Pump Station and Reserve Old Pelham Rd,,,1234.452665,558.268959
49,2005-11-02T09:46:19.000Z,,cm,58,Lew Gilbert Reserve,Lew Gilbert Ct,ETHELTON,Passive,,,,1510.637879,391.030665
50,2005-11-02T09:46:19.000Z,,cm,206,Hutton Pl Reserve,9 Hutton Pl,EXETER,Passive,Detention Basin,,,1584.76269,261.119277
51,2005-11-02T09:46:19.000Z,,cm,65,Inverway St Reserve,Inverway St,FERRYDEN PARK,Passive,,,,1779.392073,158.208712
52,2005-11-02T09:46:19.000Z,,cm,66,Gepps Cross Reserve,Cnr Terama St & Mira St,GEPPS CROSS,Active,,,,23536.356176,608.790728
53,2005-11-02T09:46:20.000Z,,cm,67,Tepko Reserve,Lot 229 Grand Junction Rd,GEPPS CROSS,Passive,,,,3968.715144,309.993286
54,2005-11-02T09:46:20.000Z,,cm,73,Brian Lehmann Reserve,Milbank Ave,GILLES PLAINS,Passive,,,,10072.272455,737.154247
55,2005-11-02T09:46:20.000Z,,cm,518,Brookdale Reserve,Brookdale Cl,GILLES PLAINS,Passive,,,,1088.467211,147.029293
56,2005-11-02T09:46:20.000Z,,cm,70,Fulton Reserve,Fulton St,GILLES PLAINS,Passive,,,,5752.622629,311.034824
57,2005-11-02T09:46:20.000Z,,cm,71,Glenroy Ave Reserve,Glenroy Ave,GILLES PLAINS,Passive,,,,812.071345,147.253715
58,2005-11-02T09:46:20.000Z,,cm,72,Wandana Reserve,Kopoola Cres,GILLES PLAINS,Passive,,,,8697.516774,378.969581
59,2005-11-02T09:46:20.000Z,,cm,74,Morne Cres,Morne Cres,GILLES PLAINS,Passive,,,,821.165345,117.558216
60,2005-11-02T09:46:20.000Z,,cm,75,Oakdale Reserve,Oakdale Dr,GILLES PLAINS,Passive,,,,7825.560552,470.948782
61,2005-11-02T09:46:20.000Z,,cm,77,Swanson Ave,Swanson Ave,GILLES PLAINS,Passive,,,,2245.925136,306.872948
62,2005-11-02T09:46:21.000Z,,cm,78,Gillman Railyards,"Bower Cres, Jennifer St & Bedford St",PORT ADELAIDE,Passive,,,,106870.553321,2502.829578
64,2005-11-02T09:46:21.000Z,,cm,80,TC Diver Derrick Memorial Reserve,Carlisle St,GLANVILLE,Passive,,,,2888.147588,229.772521
65,2005-11-02T09:46:21.000Z,,cm,81,Greenacres Library,Fosters Rd,GREENACRES,Passive,,,,1761.317994,167.257891
66,2005-11-02T09:46:21.000Z,,cm,82,Greenacres Reserve,Cnr Arunta St & Manoora St,GREENACRES,Active,,,,25468.204261,654.346863
67,2005-11-02T09:46:21.000Z,,cm,83,Kirkby Cct Reserve,Kirkby Cct,GREENACRES,Passive,,,,2012.898666,259.559708
68,2005-11-02T09:46:21.000Z,,cm,84,Leander Cres,Leander Cres,GREENACRES,Passive,,,,3172.034227,218.280298
69,2005-11-02T09:46:21.000Z,,cm,85,Princes Rd Reserve,Princes Rd,GREENACRES,Passive,,,,1027.577579,130.119922
70,2005-11-02T09:46:21.000Z,,cm,87,The Parkway,The Parkway,HAMPSTEAD GARDENS,,,,,9662.456249,444.752151
71,2005-11-02T09:46:21.000Z,,cm,88,Augusta St Reserve,Augusta St,HILLCREST,Passive,,,,5154.009902,278.707064
72,2005-11-02T09:46:21.000Z,,cm,89,Dauntless Ave Reserve,North East Rd,HILLCREST,Active,,,,9049.035028,376.305226
73,2005-11-02T09:46:22.000Z,,cm,90,Delhi Ave,Delhi ave,HILLCREST,Passive,,,,19940.008545,1117.769861
74,2005-11-02T09:46:22.000Z,,cm,93,Lion Kevin (Bob) Dyer Reserve,Napier St,HILLCREST,Passive,,,,3700.090158,242.867668
75,2005-11-02T09:46:22.000Z,,cm,95,Tribal St Ponding Basin,Tribal St,HILLCREST,Passive,,,,2489.807421,213.713533
76,2005-11-02T09:46:22.000Z,,cm,96,Tarton Rd Reserve,Tarton Rd,HOLDEN HILL,Passive,,,,2900.20858,229.015527
77,2005-11-02T09:46:22.000Z,,cm,97,Peter McKay Reserve,33 Le Hunte St,KILBURN,Passive,,,,9851.977855,495.855051
78,2005-11-02T09:46:22.000Z,,cm,328,Denver Tce Reserve,62 Jersey Ave,KILBURN,Passive,,,,1713.227438,167.798834
79,2005-11-02T09:46:22.000Z,,cm,98,Kilburn Community Centre,Gladstone Ave,KILBURN,Passive,,,,4328.390808,274.88832
80,2005-11-02T09:46:22.000Z,,cm,303,Sunnybrae Rd Reserve,Carroll Ave,KILBURN,Passive,,,,1529.405612,156.76252
81,2005-11-02T09:46:23.000Z,,cm,304,Mapleton Reserve,Leader Ave,KILBURN,Passive,,,,5349.217297,355.071654
83,2005-11-02T09:46:23.000Z,,cm,305,D G Weidenhafer Reserve,Clarence Ave,KLEMZIG,Passive,,,,2354.251291,241.870345
84,2005-11-02T09:46:23.000Z,,cm,111,Klemzig Reserve (Cosy Nook),14-16 Victoria St,KLEMZIG,Passive,,,,2175.064053,189.536733
85,2005-11-02T09:46:23.000Z,,cm,105,Klemzig Recreation Oval,North East Rd,KLEMZIG,Active,Gaza Oval,,,51605.045546,1057.659354
86,2005-11-02T09:46:23.000Z,,cm,104,Katrina Ave Reserve,Katrina St,KLEMZIG,Passive,,,,1691.144992,216.66535
87,2005-11-02T09:46:23.000Z,,cm,103,Judith St Reserve,Judith St,KLEMZIG,Passive,,,,1741.084631,197.266383
88,2005-11-02T09:46:23.000Z,,cm,113,Ron Bonner Reserve,Wilpena Ave,KLEMZIG,Passive,,,,2335.132033,261.303576
89,2005-11-02T09:46:23.000Z,,cm,107,McCulloch Reserve,McCulloch Ave,KLEMZIG,Passive,,,,1589.271911,284.660222
90,2005-11-02T09:46:23.000Z,,cm,108,Klemzig Memorial Garden,Second Ave & Spring Gr,KLEMZIG,Passive,,,,1805.870502,241.87275
91,2005-11-02T09:46:23.000Z,,cm,109,Stacey Cres Road Closure Plantation,Stacey Ct & Parkwood Gr,KLEMZIG,Passive,,,,585.148601,115.693558
92,2005-11-02T09:46:24.000Z,,cm,115,Elder Rd Plantation,Elder Rd,BIRKENHEAD,Passive,,,,15004.096252,1177.008464
94,2005-11-02T09:46:24.000Z,,cm,121,Hannay St Reserve,Intersection  Woolnough Rd & Military Rd,LARGS BAY,Passive,,,,507.229455,110.94219
95,2005-11-02T09:46:24.000Z,,cm,117,Largs Reserve,Woolnough Rd & Wills St,LARGS BAY,Active,,,,41125.550934,811.164665
96,2005-11-02T09:46:24.000Z,,cm,118,Magarey St Reserve,Military Rd & Fletcher Rd,LARGS NORTH,Passive,,,,1148.422086,189.689549
97,2005-11-02T09:46:24.000Z,,cm,120,Taubmans Corner,Victoria Rd & Warwick St,LARGS BAY,Passive,,,,6730.697292,647.542247
98,2005-11-02T09:46:24.000Z,,cm,114,Almond Tree Flat Reserve,"Centre St, Kirkby Tce, Warwick St",LARGS NORTH,Active,,,,21301.542475,662.456741
99,2005-11-02T09:46:24.000Z,,cm,122,Bickers Ct Plantation,Bickers Ct,LARGS NORTH,Passive,,,,460.875985,270.476325
101,2005-11-02T09:46:24.000Z,,cm,124,Largs North Reserve,289 - 307 Victoria Rd,LARGS NORTH,Active,,,,61451.654123,1109.5785
102,2005-11-02T09:46:25.000Z,,cm,127,Mimosa Ct,Mimosa Ct,LARGS NORTH,Passive,Streetscape,,,162.708996,103.586902
103,2005-11-02T09:46:25.000Z,,cm,128,Railway Tce,Between Fletcher Rd & Strathfield Tce,LARGS NORTH,,Plantation,,,6917.931626,1829.147817
104,2005-11-02T09:46:25.000Z,,cm,131,Warilda St Reserve,Warilda St,LARGS NORTH,Passive,,,,2711.963528,217.787723
105,2005-11-02T09:46:25.000Z,,cm,150,Willochra St Depot,Willochra St,LARGS NORTH,,,,,14311.913319,610.701428
106,2005-11-02T09:46:25.000Z,,cm,132,Bennett Memorial Reserve,Bennett Ave,MANNINGHAM,Passive,,,,12157.061373,482.502558
107,2005-11-02T09:46:25.000Z,,cm,133,Cheviot & Lincoln Rds,Cheviot Rd,MANNINGHAM,Passive,Road Closure,,,1947.405258,614.651674
108,2005-11-02T09:46:25.000Z,,cm,502,Hobart Cres Reserve,Hobart Cres,MANNINGHAM,Passive,,,,1546.397545,395.491173
109,2005-11-02T09:46:25.000Z,,cm,135,J R Chaplin Reserve,Lot 29 Willow Ave,MANNINGHAM,Passive,,,,549.115227,95.519316
110,2005-11-02T09:46:25.000Z,,cm,136,Laurie Knight Reserve,Rosslyn Ave,MANNINGHAM,Passive,Lions Club of Enfield Memorial Park,,,8866.400728,376.79526
111,2005-11-02T09:46:26.000Z,,cm,137,Melbourne Cres Reserve,Melbourne Cres,MANNINGHAM,Passive,,,,2472.396118,195.29353
112,2005-11-02T09:46:26.000Z,,cm,138,Willow Ct,Willow Ct,MANNINGHAM,Passive,Traffic Island,,,70.868955,37.774479
113,2005-11-02T09:46:26.000Z,,cm,139,Dudley Cres Reserve,Dudley Cres,MANSFIELD PARK,Passive,,,,3592.57178,254.878092
114,2005-11-02T09:46:26.000Z,,cm,140,Frederick St Reserve,Frederick St,MANSFIELD PARK,Passive,,,,1946.947769,175.023559
115,2005-11-02T09:46:26.000Z,,cm,142,Gladstone Cres Reserve,Gladstone Cres,MANSFIELD PARK,Passive,,,,3722.266084,298.141341
116,2005-11-02T09:46:26.000Z,,cm,144,Philia Ct,Philia Ct,MANSFIELD PARK,Passive,Streetscape,,,226.892057,136.680596
117,2005-11-02T09:46:26.000Z,,cm,145,Reg Robinson Reserve,Wilson St,MANSFIELD PARK,Passive,,,,32893.922633,709.02109
118,2005-11-02T09:46:26.000Z,,cm,167,A M Rennie Reserve,Gordon Luxton Dr,NORTH HAVEN,Passive,,,,2004.808093,187.05143
119,2005-11-02T09:46:26.000Z,,cm,158,A T Knibbs Reserve,Wirraway Ct,NORTH HAVEN,Passive,,,,1528.4513,228.688015
120,2005-11-02T09:46:26.000Z,,cm,146,Australia II Ave Plantation,Australia II Ave,NORTH HAVEN,Passive,Plantation,,,1239.116901,882.270669
121,2005-11-02T09:46:27.000Z,,cm,147,E A Carlson Reserve,Carlson Dr,NORTH HAVEN,Passive,,,,5385.155629,300.08718
122,2005-11-02T09:46:27.000Z,,cm,148,E R Charles Reserve,Tapping Cres,NORTH HAVEN,Passive,,,,10753.105621,628.433153
123,2005-11-02T09:46:27.000Z,,cm,168,E S P Rogers Reserve,Sea Spray Ave,NORTH HAVEN,Passive,,,,10901.63178,541.573189
124,2005-11-02T09:46:27.000Z,,cm,149,Failie Dr Reserve,Lots 10 & 102 Falie Dr,NORTH HAVEN,Passive,,,,1194.118895,213.179378
125,2005-11-02T09:46:27.000Z,,cm,354,Gulf Point Reserve,2 Gulf Point Dr,NORTH HAVEN,Passive,,,,1025.009948,583.19763
126,2005-11-02T09:46:27.000Z,,cm,156,J B Dearing Reserve,Iberia Ct,NORTH HAVEN,Passive,,,,5716.666676,528.482049
127,2005-11-02T09:46:27.000Z,,cm,306,J S Morton Reserve,Monte Ct,NORTH HAVEN,Passive,,,,4834.663764,428.630823
128,2005-11-02T09:46:28.000Z,,cm,162,One & All Dr Reserve,"Lots 124, 125, 126, & 127 One & All Dr",NORTH HAVEN,Passive,,,,2705.717361,507.175674
129,2005-11-02T09:46:28.000Z,,cm,163,Rose Beds,Osborne Rd,NORTH HAVEN,Passive,,,,3242.961453,1584.248575
131,2005-11-02T09:46:28.000Z,,cm,165,R B Hoskin Reserve,Aurelia Dr,NORTH HAVEN,Passive,,,,3032.110348,334.989202
132,2005-11-02T09:46:28.000Z,,cm,128,Railway Tce,Between Marmora Tce & Osborne Rd,NORTH HAVEN,,Plantation,,,729.725657,409.182669
133,2005-11-02T09:46:28.000Z,,cm,157,W A L Kilpatrick Reserve,Between Brooklyn Tce and Brunswick Ave,NORTH HAVEN,Passive,,,,12716.867923,640.811955
134,2005-11-02T09:46:28.000Z,,cm,170,Bond Ave Reserve,Bond Ave,NORTHFIELD,Passive,,,,7890.714132,354.301998
135,2005-11-02T09:46:29.000Z,,cm,172,Carlisle St Reserve,Carlisle St,NORTHFIELD,Passive,,,,1537.287566,168.787663
136,2005-11-02T09:46:29.000Z,,cm,173,Charles St,Charles St,NORTHFIELD,Passive,Plantation,,,1101.791749,130.156541
137,2005-11-02T09:46:29.000Z,,cm,181,Northfield Rd,Northfield Rd,NORTHFIELD,Passive,Plantation,,,461.972576,116.190975
138,2005-11-02T09:46:29.000Z,,cm,174,Duncan Fraser Reserve,Rowe Ave,NORTHFIELD,Active,,,,36017.331922,750.591607
139,2005-11-02T09:46:29.000Z,,cm,176,F J Garrad Reserve,West Ave,NORTHFIELD,Passive,,,,8757.917592,368.703938
140,2005-11-02T09:46:29.000Z,,cm,178,James Ave Reserve,James Ave,NORTHFIELD,Passive,,,,1539.245813,183.661902
141,2005-11-02T09:46:29.000Z,,cm,177,Road Reserve,Cnr Grand Junction Rd & Hampstead Rd,NORTHFIELD,Passive,,,,334.484937,94.139532
144,2005-11-02T09:46:29.000Z,,cm,177,Road Reserve,Stirling St,NORTHFIELD,Passive,Plantation,,,406.863691,92.375719
146,2005-11-02T09:46:30.000Z,,cm,187,Thompson Ave Reserve,Thompson Ave,NORTHFIELD,Passive,,,,2904.041298,222.005366
147,2005-11-02T09:46:30.000Z,,cm,186,Swift Ct,Swift Ct,NORTHFIELD,,,,,914.414744,122.817134
148,2005-11-02T09:46:30.000Z,,cm,188,Bristol Tce Reserve,Bristol Tce,OAKDEN,Passive,,,,9237.095086,423.312761
149,2005-11-02T09:46:30.000Z,,cm,189,Hedge Row Reserve,Hedge Row,OAKDEN,Passive,,,,3221.795504,223.364193
150,2005-11-02T09:46:31.000Z,,cm,191,Regent Gardens Reserve,Sir Ross Smith Bvd,OAKDEN,Passive,,,,32141.236644,899.959433
151,2005-11-02T09:46:31.000Z,,cm,193,St Michaels Cct,St Michaels Cct,OAKDEN,Passive,,,,4610.713636,298.803335
152,2005-11-02T09:46:31.000Z,,cm,194,Woodland Reserve,Conservatory Cct,OAKDEN,Passive,,,,5016.074742,277.126822
154,2005-11-02T09:46:31.000Z,,cm,199,Marmora Tce Reserve,Lot 381 Marmora Tce,OSBORNE,Passive,,,,1315.663892,160.49062
155,2005-11-02T09:46:31.000Z,,cm,199,Marmora Tce Reserve,Lot 48 Marmora Tce,OSBORNE,Passive,,,,4563.872271,357.66814
156,2005-11-02T09:46:31.000Z,,cm,198,Koombana Reserve,Koombana Tce,OSBORNE,Passive,,,,3910.033575,246.825944
157,2005-11-02T09:46:31.000Z,,cm,201,Martin Ct Reserve,"Lots 28, 29, 30, 35, 36, 37 Martin Ct",OTTOWAY,Passive,,,,3063.22581,769.79666
158,2005-11-02T09:46:32.000Z,,cm,342,S N Davy Reserve,Emerald Pde,OTTOWAY,Passive,,,,2477.703481,263.067449
159,2005-11-02T09:46:32.000Z,,cm,204,Eastern Pde Reserve,Eastern Pde,OTTOWAY,Active,,,,26378.361734,655.098467
160,2005-11-02T09:46:32.000Z,,cm,205,Peter Nicholls Reserve,Hargrave St,PETERHEAD,Passive,,,,1586.388196,159.324736
161,2005-11-02T09:46:32.000Z,,cm,248,Leadenhall St Reserve,Leadenhall St,PORT ADELAIDE,Passive,,,,1967.058411,283.706501
162,2005-11-02T09:46:32.000Z,,cm,343,Leslie Pl Reserve,Leslie Pl,PORT ADELAIDE,Passive,,,,341.708911,89.321793
163,2005-11-02T09:46:32.000Z,,cm,213,Montpelier Sq Reserve,Montpelier Sq,PORT ADELAIDE,Passive,,,,3719.583114,221.934073
164,2005-11-02T09:46:32.000Z,,cm,500,Pontoon,No1 Dock,PORT ADELAIDE,,Maintenance,,,1525.250167,330.986709
165,2005-11-02T09:46:32.000Z,,cm,215,Old Port Canal Gardens,Hack St,PORT ADELAIDE,Passive,,,,9819.994299,479.536507
166,2005-11-02T09:46:32.000Z,,cm,249,Port Adelaide Library,Church St,PORT ADELAIDE,Passive,,,,571.224439,130.481425
167,2005-11-02T09:46:33.000Z,,cm,222,Wellington St Pump Station,Clementina Dr,PORT ADELAIDE,Passive,,,,8512.483468,431.146267
168,2005-11-02T09:46:33.000Z,,cm,226,James Bailey Reserve,Portland Rd,QUEENSTOWN,Passive,,,,1973.080688,192.943131
169,2005-11-02T09:46:33.000Z,,cm,225,Old Port Rd Plantation,Old Port Rd,QUEENSTOWN,Passive,Plantation,,,37649.988169,2066.647585
170,2005-11-02T09:46:33.000Z,,cm,351,Queenstown Community Hall,Spring St,QUEENSTOWN,,,,,1063.391692,161.211021
171,2005-11-02T09:46:33.000Z,,cm,227,Westport Reserve,Simpson Ave,QUEENSTOWN,Passive,,,,6316.378617,617.511752
172,2005-11-02T09:46:33.000Z,2008-05-16T09:14:41.000Z,cm,231,Regency Park Oval,South Rd,REGENCY PARK,Active,,,,49819.468795,894.871265
175,2005-11-02T09:46:33.000Z,,cm,280,Rosewater/Ottoway Senior Citizens,Grand Junction Rd,ROSEWATER,Passive,,,,2483.760572,208.122353
176,2005-11-02T09:46:34.000Z,,cm,233,Duffield Reserve / Playground,Davidson St,ROSEWATER,Passive,,,,1159.810594,136.714881
177,2005-11-02T09:46:34.000Z,,cm,234,Eric Sutton Reserve,Canning St,ROSEWATER,Active,Rosewater Oval,,,24151.658769,634.750091
178,2005-11-02T09:46:34.000Z,,cm,235,Drainage Reserve,Jenkins St,ROSEWATER,Passive,,,,7430.358672,1032.31055
179,2005-11-02T09:46:34.000Z,,cm,236,McNicol Tce Reserve,McNicol Tce,ROSEWATER,Passive,,,,1067.403494,130.766303
180,2005-11-02T09:46:34.000Z,,cm,281,Russell St Ponding Basin,Russell St,ROSEWATER,Passive,,,,2459.035207,209.276142
182,2005-11-02T09:46:34.000Z,,cm,242,Robin Rd Reserve,Lot 200 Robin Rd,SEMAPHORE,Passive,,,,2322.182261,260.849779
186,2005-11-02T09:46:35.000Z,,cm,253,Kenmare St Reserve,Kenmare St,TAPEROO,Passive,,,,6042.975949,308.893586
187,2005-11-02T09:46:35.000Z,,cm,255,Norama St Reserve,29 Norama St,TAPEROO,Passive,,,,785.954704,120.051294
188,2005-11-02T09:46:35.000Z,,cm,252,Goldingham St Reserve,Goldingham St,TAPEROO,Passive,,,,1013.763576,131.915869
189,2005-11-02T09:46:35.000Z,,cm,254,Paringa St Reserve,Paringa St,TAPEROO,Passive,,,,4068.030316,419.802495
190,2005-11-02T09:46:35.000Z,,cm,257,Roy Marten Park,Military Rd,TAPEROO,Passive,,,,38935.839269,869.160853
191,2005-11-02T09:46:35.000Z,,cm,260,White Hollow,Lady Gowrie Dr,TAPEROO,Passive,,,,21339.606701,649.610767
192,2005-11-02T09:46:36.000Z,,cm,263,Cornell Ave Reserve,Cornell Ave,VALLEY VIEW,Passive,,,,2938.428973,212.39185
193,2005-11-02T09:46:36.000Z,,cm,266,Haddington St Reserve,Haddington St,VALLEY VIEW,Passive,,,,12971.720834,1139.716711
194,2005-11-02T09:46:36.000Z,,cm,267,Hawick St Reserve,Hawick St,VALLEY VIEW,Passive,,,,5318.030165,322.183138
195,2005-11-02T09:46:36.000Z,,cm,265,Down Dr Reserve,Down Dr,VALLEY VIEW,Passive,,,,16969.361124,1296.62902
196,2005-11-02T09:46:36.000Z,,cm,271,Paul's Dr Reserve,Paul's Dr,VALLEY VIEW,Passive,,,,7739.336739,353.006565
197,2005-11-02T09:46:36.000Z,,cm,315,O'Loughlin Rd Reserve,O'Loughlin Rd,VALLEY VIEW,,,,,3538.645354,260.914574
199,2005-11-02T09:46:36.000Z,,cm,270,Valley View Par 3 Golf Course,Grand Junction Rd,VALLEY VIEW,Active,,,,92207.465535,1374.67825
200,2005-11-02T09:46:36.000Z,,cm,264,Driving Range,Nelson Rd,VALLEY VIEW,Active,Leased,,,38847.384399,945.478387
201,2005-11-02T09:46:36.000Z,,cm,268,Plantation,Nelson Rd,VALLEY VIEW,Passive,,,,4695.561383,1126.306585
202,2005-11-02T09:46:37.000Z,,cm,274,Burton Ave Reserve,Burton Ave,WINDSOR GARDENS,Passive,,,,1390.387735,180.681402
203,2005-11-02T09:46:37.000Z,,cm,275,Dicksons Rd Reserve,Dicksons Rd,WINDSOR GARDENS,Passive,,,,1092.187983,168.716439
204,2005-11-02T09:46:37.000Z,,cm,276,Glanton Cres Reserve,Glanton Cres,WINDSOR GARDENS,Passive,,,,1208.439746,133.097701
205,2005-11-02T09:46:37.000Z,2008-05-16T09:02:59.000Z,cm,341,Lagonda Dr Reserve,Lagonda Dr,WINDSOR GARDENS,,,,,13690.622328,484.523603
206,2005-11-02T09:46:37.000Z,,cm,279,Lois Bell Reserve,Redbank Gr,WINDSOR GARDENS,Passive,,,,4261.925827,272.519643
207,2005-11-02T09:46:37.000Z,2008-05-16T09:04:43.000Z,cm,281,Boyd St Closure,Longview Rd & Boyd St,WINDSOR GARDENS,Passive,,,,681.952131,243.939157
208,2005-11-02T09:46:38.000Z,2008-05-16T09:04:44.000Z,cm,520,Longview Rd Reserve,Cnr Longview Rd & Sudholz Rd,WINDSOR GARDENS,Passive,,,,1793.432314,286.81584
209,2005-11-02T09:46:38.000Z,,cm,282,McLaughlan Rd Reserve,Mclaughlan Rd,WINDSOR GARDENS,Passive,,,,2720.24062,198.693016
210,2005-11-02T09:46:38.000Z,,cm,283,Portland St Reserve,Portland St,WINDSOR GARDENS,Passive,,,,2024.077939,187.910919
211,2005-11-02T09:46:38.000Z,,cm,284,Tallack St Reserve,Tallack St,WINDSOR GARDENS,Passive,,,,881.144582,117.454706
212,2005-11-02T09:46:38.000Z,,cm,285,Tarpeena Ave Reserve,Tarpeena Ave,WINDSOR GARDENS,Passive,,,,440.750991,92.463177
213,2005-11-02T09:46:38.000Z,,cm,287,George Crawford Reserve,Lothian Ave,WINDSOR GARDENS,Passive,,,,9921.585783,402.955432
214,2005-11-02T09:46:38.000Z,,cm,288,Windsor Gdns Community Centre,Danby Ave,WINDSOR GARDENS,Passive,,,,2598.624709,201.282437
216,2005-11-02T09:46:38.000Z,,cm,291,Drain,Dunstan Rd  to Cormack Rd,WINGFIELD,Passive,,,,17961.935883,1956.119312
217,2005-11-02T09:46:38.000Z,,cm,291,Drain,Lot 4 Rosberg Rd,WINGFIELD,Passive,,,,49785.462752,2080.695442
218,2005-11-02T09:46:39.000Z,,cm,294,Second St Reserve,Second St,WINGFIELD,Passive,,,,1078.986243,131.801893
219,2005-11-02T09:46:39.000Z,,cm,295,Wingfield Reserve,North Tce,WINGFIELD,Passive,,,,43307.049368,1871.910219
220,2005-11-02T09:46:39.000Z,,cm,296,Alexander Gr Reserve,Alexander Gr,WOODVILLE GARDENS,Passive,,,,521.821167,86.520035
221,2005-11-02T09:46:25.000Z,2008-05-15T09:06:09.000Z,cm,501,Paluma Reserve,Paluma St,LARGS NORTH,Passive,,,,1229.920583,158.338578
222,2005-11-02T09:46:27.000Z,2008-05-15T09:12:36.000Z,cm,154,Mariners Park Reserve,Spinnaker Ct,NORTH HAVEN,Passive,,,,11082.018453,901.667729
223,2008-05-15T09:34:06.000Z,2008-05-16T09:03:05.000Z,cm,203,Emerald Park Reserve,Rosewater Tce,ROSEWATER,Passive,,,,5954.059643,790.337403
224,2008-05-15T10:09:53.000Z,2008-05-16T09:03:08.000Z,cm,373,Western Region Reserve,Old Port Rd Ext,PORT ADELAIDE,Passive,,,,43838.957532,893.99571
225,2008-05-15T10:09:53.000Z,2008-05-15T10:25:44.000Z,cm,216,Joyce Snadden Reserve,Minories,PORT ADELAIDE,Passive,,,,23302.569769,1339.583671
226,2008-05-15T10:26:52.000Z,2008-05-16T09:03:11.000Z,cm,224,Woodlot Reserve,Minories & Hack St,PORT ADELAIDE,Passive,,,,9185.087563,617.193499
227,2008-05-15T10:54:16.000Z,2008-05-16T09:03:16.000Z,cm,309,Richard Day Reserve,Lachlan St,WOODVILLE GARDENS,Passive,,,,5294.52127,325.650291
228,2008-05-15T11:00:55.000Z,2008-05-16T09:04:22.000Z,cm,535,Palmer Avenue Reserve,Palmer Ave,KILBURN,Passive,,,,1699.887746,167.204283
229,2008-05-15T11:06:09.000Z,2008-05-16T09:03:51.000Z,cm,15,Barton St Reserve,Barton St,BLAIR ATHOL,Passive,,,,10976.38841,431.552134
230,2008-05-15T11:20:52.000Z,2008-05-16T09:03:49.000Z,cm,333,Rockingham Reserve,Rockingham Dr,NORTHGATE,Passive,,,,3929.753867,250.891619
231,2008-05-15T11:24:40.000Z,2008-05-16T09:03:49.000Z,cm,310,Butler Grove Reserve,Butler Gr,NORTHGATE,Passive,,,,3133.435854,221.811515
232,2005-11-02T09:46:22.000Z,2008-05-15T11:29:46.000Z,cm,130,Hillcrest Community Centre,Queensborough Ave,HILLCREST,Passive,,,,3516.498115,240.431377
233,2008-05-15T11:38:45.000Z,2008-05-16T09:03:47.000Z,cm,358,Greengate Close,Greengate Cl,NORTHGATE,Passive,,,,1766.01461,168.785815
234,2008-05-15T11:43:30.000Z,2008-05-16T09:03:46.000Z,cm,320,Swanbourne Reserve,Swanbourne Dr,NORTHGATE,Passive,,,,3295.267552,255.063786
235,2008-05-15T11:48:33.000Z,2008-05-16T09:03:45.000Z,cm,322,Stonewell Common,Stonewell Cmmn,NORTHGATE,Passive,,,,6453.148327,344.631562
236,2008-05-15T11:55:30.000Z,2008-05-16T09:03:44.000Z,cm,323,Westbrook Tce Reserve/Buffer,Westbrook Tce,NORTHGATE,Passive,,,,3068.824567,666.358228
238,2008-05-15T13:13:04.000Z,2008-05-16T09:03:42.000Z,cm,352,Hillside Reserve,Hillside Ct,WALKLEY HEIGHTS,Passive,,,,781.147912,138.945227
239,2008-05-15T13:10:09.000Z,2008-05-16T09:03:44.000Z,cm,335,Walkley Heights Buffer,Walkleys Rd,WALKLEY HEIGHTS,Passive,,,,12180.801378,1659.563539
240,2005-11-02T09:46:36.000Z,2008-05-15T13:27:07.000Z,cm,268,Plantation,Walkleys Rd,VALLEY VIEW,Passive,,,,26347.77868,2258.242735
241,2005-11-02T09:46:20.000Z,2008-05-15T13:32:04.000Z,cm,76,Lion Peter Wesbroom Reserve,McKinlay Ave,GILLES PLAINS,Passive,,,,6554.580664,365.960629
242,2005-11-02T09:46:37.000Z,2008-05-15T13:53:05.000Z,cm,277,Hartley Gr Reserve,Hartley Gr,WINDSOR GARDENS,Passive,,,,8789.28555,448.213009
243,2008-05-19T13:33:18.000Z,2008-05-19T13:34:08.000Z,cm,553,Springwood Way Street Scape,Springwood Way,NORTHGATE,Passive,,,,325.153407,116.547906
245,2005-11-02T09:46:30.000Z,2008-05-19T13:43:55.000Z,cm,312,Vickers Vimy Reserve,The Promenade,NORTHGATE,Active,Maintained by CL 1/9/03,,,30553.424753,707.211893
246,2005-11-02T09:46:30.000Z,2008-05-19T14:01:03.000Z,cm,331,Paddington Walkway,Paddington Ave,NORTHGATE,Passive,,,,210.074262,75.692732
247,2005-11-02T09:46:30.000Z,2008-05-19T14:01:56.000Z,cm,313,Petaluma Reserve,Petaluma Cl,NORTHGATE,Passive,,,,2225.276634,200.332735
248,2005-11-02T09:46:30.000Z,2008-05-19T14:02:38.000Z,cm,318,Northwood Ave Reserve,Northwood Ave,NORTHGATE,Passive,,,,2380.904076,278.776137
249,2005-11-02T09:46:30.000Z,2008-05-19T14:05:02.000Z,cm,314,Charlick Sq Reserve,Charlick Sq,NORTHGATE,Passive,,,,1924.516351,174.221131
250,2008-05-19T14:07:03.000Z,2008-05-19T14:08:04.000Z,cm,349,Boucaut Ave Reserve,Boucaut Ave,KLEMZIG,,,,,1831.143051,372.827516
251,2008-05-19T14:11:15.000Z,2008-05-19T14:11:58.000Z,cm,,,Oxford Cres,OAKDEN,,,,,716.40377,131.790653
252,2008-05-19T14:12:40.000Z,2008-05-19T14:13:05.000Z,cm,,,Crn Blacks Rd & Milbank Ave,GILLES PLAINS,,,,,534.773941,127.11646
254,2005-11-02T09:46:31.000Z,2008-05-19T15:32:33.000Z,cm,190,Sir Ross Smith Bvd,Lot 2106 Fosters Rd,OAKDEN,Passive,,,,18081.692722,4875.022488
255,2008-05-19T15:35:59.000Z,2008-05-19T15:37:19.000Z,cm,68,Blacks Rd Plantation,Blacks Rd,GILLES PLAINS,Passive,,,,2791.565264,970.619677
256,2005-11-02T09:46:38.000Z,2008-05-19T15:43:36.000Z,cm,286,Welkin St Reserve,Welkin St,WINDSOR GARDENS,Passive,,,,6658.69546,642.679827
257,2008-05-19T15:47:25.000Z,2008-05-19T15:48:15.000Z,cm,94,Ray Norton Reserve,Chaplin Ave,HILLCREST,Passive,,,,16692.488913,699.344476
258,2005-11-02T09:46:22.000Z,2008-05-19T15:47:57.000Z,cm,92,Flinders Rd Reserve,Flinders Rd,HILLCREST,Passive,,,,19425.89454,1577.802335
259,2008-05-15T11:30:57.000Z,2008-05-19T15:49:21.000Z,cm,91,Queensborough Reserve,Queensborough Ave,HILLCREST,Passive,,,,6893.823283,480.41093
263,2005-11-02T09:46:18.000Z,2008-05-20T08:17:31.000Z,cm,62,Waite St Reserve,166 Hart St,ETHELTON,Passive,,,,1142.06718,133.292674
266,2008-05-15T14:03:46.000Z,2008-05-16T09:03:39.000Z,cm,544,Killara Reserve,Crn Angle Rd and Killara St,ANGLE PARK,Passive,,,,3039.93446,226.404858
267,2005-11-02T09:46:33.000Z,2008-05-15T14:11:55.000Z,cm,228,Days Rd Reserve,Cnr Days & South Rd's,REGENCY PARK,Passive,,,,4480.823011,640.220565
268,2005-11-02T09:46:39.000Z,2008-05-15T14:14:22.000Z,cm,407,Hanson Reserve,Hookings Tce,WOODVILLE GARDENS,Active,,,,26150.312253,649.763843
269,2005-11-02T09:46:19.000Z,2008-05-15T14:17:34.000Z,cm,324,Shillabeer Reserve,28-44 McRostie St,FERRYDEN PARK,Passive,,,,5263.812559,313.041469
270,2005-11-02T09:46:19.000Z,2008-05-15T14:20:02.000Z,cm,308,Tao Dan Reserve,Intersection Balranald & Sutherland,FERRYDEN PARK,Passive,,,,3927.387923,265.036288
271,2005-11-02T09:46:39.000Z,2008-05-15T14:21:44.000Z,cm,307,Mikawomma Reserve,Liberty Gr,WOODVILLE GARDENS,,,,,7108.198797,409.130432
272,2005-11-02T09:46:19.000Z,2008-05-15T14:24:05.000Z,cm,64,Ferryden Park Reserve,Lot 2000 Sutherland Rd,FERRYDEN PARK,Active,,,,30152.653408,846.075826
273,2005-11-02T09:46:14.000Z,2008-05-16T09:08:59.000Z,cm,11,Veteran Memorial Reserve,Lot 201 Nelson Rd,ANGLE PARK,Passive,,,,5873.125611,343.344573
274,2005-11-02T09:46:26.000Z,2008-05-15T14:31:11.000Z,cm,143,Hamley Cres Reserve,Hamley Cres / Irwin St,MANSFIELD PARK,Passive,,,,1859.739537,177.829211
275,2005-11-02T09:46:19.000Z,2008-10-13T11:51:22.000Z,cm,59,Mangrove Cove,Wirra Dr,NEW PORT,Passive,,,,24409.821377,661.445771
276,2008-05-15T14:41:17.000Z,2008-05-16T09:03:38.000Z,cm,244,Timeball Tower Reserve,Esplanade,SEMAPHORE,Passive,,,,2355.118809,194.421029
277,2008-05-16T13:55:18.000Z,2008-05-16T13:56:11.000Z,cm,356,Eastern Pde Buffer,Eastern Pde,OTTOWAY,Passive,,,,954.455695,270.876752
278,2008-05-16T13:59:10.000Z,2008-05-16T13:59:45.000Z,cm,370,Ruby Ct Swale,Ruby Ct,OTTOWAY,Passive,,,,2707.36014,373.553225
279,2008-05-16T14:00:26.000Z,2008-05-16T14:01:19.000Z,cm,202,Recycle Park,Vernon Smith Ct,OTTOWAY,Passive,,,,263.910994,99.604055
280,2008-05-16T14:02:59.000Z,2008-05-16T14:03:47.000Z,cm,504,South Terrace Drainage Reserve,South Tce - South Rd Intersection,WINGFIELD,Passive,,,,492.273974,90.238724
281,2008-05-16T14:42:44.000Z,2008-05-16T14:44:07.000Z,cm,557,Mansfield Park Drainage Reserve,Grand Junction Rd & Dudley St,MANSFIELD PARK,Passive,Drainage Reserve,,,3533.810557,794.968762
282,2008-05-16T14:46:20.000Z,2008-05-16T14:47:27.000Z,cm,541,Bayfield Court Street Scape,Bayfield Ct,FERRYDEN PARK,Passive,,,,97.938615,65.111585
283,2008-05-16T14:47:51.000Z,2008-05-16T14:48:47.000Z,cm,542,Le Galles Court Street Scape,Le Galles Ct,FERRYDEN PARK,Passive,,,,62.045105,48.872368
284,2008-05-16T14:49:55.000Z,2008-05-16T14:50:40.000Z,cm,326,Oban Traffic Island,Oban St,FEERYDEN PARK,,,,,194.36969,67.505041
285,2008-05-16T14:56:28.000Z,2008-05-16T14:57:13.000Z,cm,538,Milne Court Street Scape,Milne Ct,FERRYDEN PARK,Passive,,,,127.618316,75.370607
286,2008-05-16T14:57:49.000Z,2008-05-16T14:58:31.000Z,cm,539,Bradley Court Street Scape,Bradley Ct,FERRYDEN PARK,Passive,,,,107.441516,59.953235
287,2008-05-16T14:59:08.000Z,2008-05-16T14:59:47.000Z,cm,63,Coker St Landscape,Coker St,FERRYDEN PARK,Passive,,,,225.388717,94.620141
288,2008-05-16T15:00:18.000Z,2008-05-16T15:01:02.000Z,cm,344,Romilly Ave Closure,Romily Ave,WOODVILLE GARDENS,Passive,,,,354.523383,86.689306
289,2008-05-16T15:01:22.000Z,2008-05-16T15:02:55.000Z,cm,327,Gainsborough St Landscape,Gainsborough St,FERRYDEN PARK,Passive,,,,352.07987,151.323588
290,2008-05-16T14:53:24.000Z,2008-05-16T15:05:51.000Z,cm,325,Westwood Bvd,Westwood Bvd,FERRYDEN PARK,Passive,,,,1753.165604,414.092381
291,2008-05-16T14:51:05.000Z,2008-05-16T15:06:22.000Z,cm,543,Mackenzie Court Street Scape,Mackenzie Ct,FERRYDEN PARK,Passive,,,,194.87946,90.029374
292,2008-05-16T13:56:50.000Z,2008-05-16T15:06:57.000Z,cm,505,Eastern Parade Street Scape,Crn Matson Ct,GILLMAN,,,,,1653.282402,611.239427
293,2008-05-16T13:33:54.000Z,2008-05-16T15:08:19.000Z,cm,208,Commercial Rd and Mall Walkway,St Vincent St - Baynes Pl,PORT ADELAIDE,Passive,,,,2636.528789,1517.625903
294,2008-05-16T10:43:45.000Z,2008-05-16T15:08:57.000Z,cm,223,Wellington St Median,Wellington St,PORT ADELAIDE,Passive,,,,4458.776832,638.459139
295,2008-05-16T15:20:49.000Z,2008-05-16T15:21:50.000Z,cm,357,Coolah St Reserve,Coolah St,KILBURN,Passive,,,,493.574138,102.19766
296,2008-05-16T15:22:52.000Z,2008-05-16T15:26:37.000Z,cm,536,Kintore Avenue Street Scape,Kintore Ave - Horley Tce Intersection,KILBURN,Passive,,,,236.718064,70.799476
297,2008-05-16T15:27:05.000Z,2008-05-16T15:27:58.000Z,cm,302,Kilburn Community Hall,Le Hunte St,KILBURN,Passive,,,,1950.450618,188.910374
298,2008-05-16T15:28:39.000Z,2008-05-16T15:30:38.000Z,cm,537,Goodman Avenue Street Scape,Goodman Ave,KILBURN,Passive,,,,1191.502677,190.111093
299,2005-11-02T09:46:15.000Z,2008-05-16T15:34:52.000Z,cm,17,Florence Ave Cul-de-sac,Cnr Florence Ave & Houston Ave,BLAIR ATHOL,Passive,Traffic control streetscape,,,523.195889,159.132948
300,2008-05-16T15:36:39.000Z,2008-05-16T15:37:58.000Z,cm,360,Bristol Ave Reserve,Bristol Ave,ENFIELD,Passive,Road Reserve,,,1401.302557,203.737788
301,2005-11-02T09:46:34.000Z,2008-05-19T11:29:01.000Z,cm,239,Margaret St Reserve,Margaret St,SEFTON PARK,Passive,,,,446.40539,104.540126
302,2008-05-19T11:30:10.000Z,2008-05-19T11:31:13.000Z,cm,361,Taunton Rd Reserve,Tauton Rd,MANNINGHAM,Passive,Road Reserve,,,712.602927,155.501182
303,2008-05-19T11:36:40.000Z,2008-05-19T11:37:24.000Z,cm,53,Tindall Rd Plantation,Tindall Rd,ENFIELD,Passive,,,,411.793485,83.453211
304,2008-05-19T11:38:33.000Z,2008-05-19T11:39:31.000Z,cm,44,Central Ave Plantation,Central Ave,ENFIELD,Passive,,,,2805.721925,247.666021
305,2008-05-19T11:42:42.000Z,2008-05-19T11:43:40.000Z,cm,21,Cavan Rd Closure,Cavan Rd,DRY CREEK,Passive,Road Closure,,,747.379872,121.221638
306,2008-05-19T12:42:20.000Z,2008-05-19T12:50:37.000Z,cm,371,State Sports Park,Main North Rd,GEPPS CROSS,Passive,,,,125051.596753,8730.973546
307,2005-11-02T09:46:29.000Z,2008-05-19T12:57:05.000Z,cm,175,E J Smith Reserve,"Lots 51, 34 Grand Junction Rd",NORTHFIELD,Active,,,,34318.424326,825.537727
308,2005-11-02T09:46:30.000Z,2008-05-19T12:57:09.000Z,cm,185,Strawson Rd,Strawson Rd,NORTHFIELD,Passive,Plantation,,,5501.871502,599.34285
309,2005-11-02T09:46:30.000Z,2008-05-19T12:58:03.000Z,cm,311,Leopold Conrad Reserve,Vickers Vimy Pde,NORTHGATE,Passive,,,,17963.972799,729.022958
310,2008-05-19T12:59:31.000Z,2008-05-19T13:01:55.000Z,cm,353,Vickers Vimy Plantation,Crn Vickers Vimy Pde & Grand Junction Rd,NORTHGATE,Passive,,,,1855.047068,757.706046
311,2008-05-19T13:02:54.000Z,2008-05-19T13:04:58.000Z,cm,321,Grand Junction Rd Buffers,Grand Junction Rd,NORTHGATE,Passive,,,,18495.05873,1351.093205
312,2008-05-19T13:05:41.000Z,2008-05-19T13:06:51.000Z,cm,320,Swanbourne Reserve,Swanbourne Dr,NORTHGATE,Passive,,,,1029.747184,526.957688
313,2008-05-19T13:07:33.000Z,2008-05-19T13:08:05.000Z,cm,372,Wakefield Place Landscape,Wakefield Pl,NORTHGATE,Passive,,,,305.674107,132.947023
314,2008-05-19T13:08:59.000Z,2008-05-19T13:10:26.000Z,cm,366,Mornington Tce Landscape,Mornington Tce,NORTHGATE,Passive,,,,436.19314,267.097608
315,2008-05-19T13:11:16.000Z,2008-05-19T13:11:50.000Z,cm,367,Navigator Walkway,Navigator Walkway,NORTHGATE,Passive,,,,890.67394,150.262816
316,2008-05-19T13:12:32.000Z,2008-05-19T13:13:08.000Z,cm,332,Chaffey Common,Chaffey Cmmn,NORTHGATE,Passive,,,,784.975577,146.746456
317,2008-05-19T13:14:47.000Z,2008-05-19T13:17:22.000Z,cm,317,Fosters Rd Landscape,Fosters Rd,NORTHGATE,Passive,,,,2204.832187,454.418262
318,2008-05-19T13:23:49.000Z,2008-05-19T13:24:30.000Z,cm,365,Hillcrest Area Swale,Hillcrest Area Swale,OAKDEN,Passive,,,,9444.193092,891.626518
319,2008-05-19T13:26:04.000Z,2008-05-19T13:29:12.000Z,cm,182,Rowe Ave Plantation,Rowe Ave,NORTHFIELD,Passive,,,,13272.709402,1221.184229
320,2008-05-19T13:29:47.000Z,2008-05-19T13:30:54.000Z,cm,545,Hampstead Road Street Scape,Hampstead Rd,NORTHFIELD,Passive,,,,867.46764,467.927872
321,2008-05-19T13:32:11.000Z,2008-05-19T13:32:43.000Z,cm,336,Common Rd Closure,The Common,NORTHGATE,Passive,,,,187.90467,61.14385
322,2005-11-02T09:46:19.000Z,2008-05-20T08:18:50.000Z,cm,69,John Hart Reserve,Cnr Hart St & Swan Tce,ETHELTON,Active,,,,39501.666883,786.63585
323,2005-11-02T09:46:34.000Z,2008-05-20T08:19:52.000Z,cm,247,Glanville Coachhouse Reserve,Park Ave,SEMAPHORE SOUTH,Passive,,,,7327.596094,342.648929
324,2005-11-02T09:46:32.000Z,2008-05-15T14:49:28.000Z,cm,207,Tim Hunt Way Reserve,Lot 20 Tim Hunt Way,PETERHEAD,Passive,,,,4628.45226,607.541876
325,2008-05-15T14:50:34.000Z,2008-05-16T09:03:37.000Z,cm,506,May Street Drainage Reserve,May St,PETERHEAD,Passive,,,,1048.922599,169.872787
326,2005-11-02T09:46:27.000Z,2008-05-15T15:18:42.000Z,cm,152,Catherine Hutton Reserve,Lot 904 Lady Gowrie Dr,NORTH HAVEN,,,,,5937.862318,311.243125
327,2005-11-02T09:46:27.000Z,2008-05-15T15:20:35.000Z,cm,151,Ian W Fotheringham Memorial Reserve Jaycee,Lady Gowrie Dr,NORTH HAVEN,Passive,,,,17118.869981,771.403738
328,2008-05-15T15:32:28.000Z,2008-05-16T09:03:35.000Z,cm,258,Solvay Rd Plantation,Solvay Rd,OSBORNE,Passive,,,,6890.664349,1245.573437
329,2008-05-16T09:19:06.000Z,2008-05-16T09:21:32.000Z,cm,128,Railway Tce,Moldavia Walk to Strathfield Tce,TAPEROO,,,,,1842.234551,1412.840369
330,2008-05-16T09:22:13.000Z,2008-05-16T09:23:52.000Z,cm,128,Railway Tce,Marmora Tce to Moldavia Walk,OSBORNE,Passive,,,,1903.561961,1089.047187
331,2008-05-16T10:21:44.000Z,2008-05-16T10:23:21.000Z,cm,507,Wollowra Crescent Walkway Street Scape,Paluma St to Victoria Rd,LARGS NORTH,Passive,,,,167.57082,115.842376
332,2008-05-16T10:25:16.000Z,2008-05-16T10:27:20.000Z,cm,508,Mariners Way Entry Statement,Willochra St,LARGS NORTH,Passive,,,,888.492934,413.914977
333,2008-05-16T10:31:49.000Z,2008-05-16T10:32:51.000Z,cm,128,Railway Tce,Jetty Rd to Fletcher Rd,LARGS BAY,Passive,,,,2862.042876,1473.649399
334,2008-05-16T10:38:17.000Z,2008-10-13T11:49:15.000Z,cm,211,Jervois Bridge Landscape,Hart St,GLANVILLE,Passive,,,,1339.950838,269.781829
335,2008-05-16T10:39:14.000Z,2008-10-13T11:49:32.000Z,cm,211,Jervois Bridge Landscape,Hart St,ETHELTON,Passive,,,,2797.691303,573.710816
336,2008-05-16T10:42:22.000Z,2008-05-16T10:43:02.000Z,cm,364,Fire Station Reserve,Grand Junction Rd,PORT ADELAIDE,Passive,,,,1110.826597,142.810528
337,2008-05-16T10:47:13.000Z,2008-05-16T10:54:33.000Z,cm,212,Minories Road Reserve,St Vincent St - Railway Line,PORT ADELAIDE,Passive,,,,7976.953262,2110.674951
338,2008-05-16T11:03:02.000Z,2008-05-16T11:08:17.000Z,cm,209,Dale St Streetscape,Dale St,PORT ADELAIDE,Passive,,,,4211.640886,1029.37133
339,2008-05-16T11:09:02.000Z,2008-05-16T11:09:33.000Z,cm,346,Church Place,Church Pl,PORT ADELAIDE,Passive,,,,2044.014923,184.10281
340,2008-05-16T13:22:36.000Z,2008-05-16T13:24:12.000Z,cm,221,St Vincent St Streetscape,St Vincent St,PORT ADELAIDE,Passive,,,,964.431821,689.844998
341,2008-05-16T13:30:29.000Z,2008-05-16T13:31:03.000Z,cm,219,Port Mall Garden Bed,Robe St,PORT ADELAIDE,Passive,,,,11.975874,14.690238
342,2008-05-16T13:40:29.000Z,2008-05-16T13:41:29.000Z,cm,218,Port Dock Museum Car Park,Lipson St,PORT ADELAIDE,Passive,,,,703.147727,207.500321
343,2008-05-16T13:43:44.000Z,2008-05-16T13:44:27.000Z,cm,350,No 1 Dock,Port River,PORT ADELAIDE,Passive,,,,175.090008,97.679367
344,2008-05-16T13:45:59.000Z,2008-05-16T13:53:06.000Z,cm,220,Santo Pde Plantation,Santo Pde,PORT ADELAIDE,Passive,,,,1868.082325,834.754596
345,2005-11-02T09:46:35.000Z,2008-05-20T08:20:28.000Z,cm,522,Glanville Par 3 Golf Course,Park Ave,SEMAPHORE SOUTH,Active,,,,34140.469728,874.164041
346,2005-11-02T09:46:35.000Z,2008-05-20T08:24:25.000Z,cm,261,Yandra St Reserve,Yandra St,TAPEROO,Passive,,,,22553.663328,652.564708
347,2005-11-02T09:46:36.000Z,2008-05-20T08:26:21.000Z,cm,521,Yongala St Reserve,Lot 11 Yongala St,TAPEROO,Passive,,,,4916.597391,280.292288
348,2008-05-16T10:28:50.000Z,2008-05-20T08:28:30.000Z,cm,509,Willochra Street Street Scape,Mildred Tce to Elder Rd,LARGS NORTH,Passive,,,,2168.653609,901.013533
349,2008-05-15T15:15:29.000Z,2008-05-20T08:36:23.000Z,cm,159,Lady Gowrie Western Buffer,Lady Gowrie Dr,NORTH HAVEN,,,,,68665.353272,8115.03496
350,2005-11-02T09:46:31.000Z,2008-05-20T08:42:20.000Z,cm,196,Peter Cousins Reserve,Victoria Rd,OSBORNE,Active,"Osborne House, Le Fevre Rec Centre",,,17601.664776,558.639849
351,2005-11-02T09:46:28.000Z,2008-05-20T08:43:07.000Z,cm,161,New Haven Reserve,New Haven Development,OSBORNE,Passive,,,,1425.84719,435.593288
352,2008-05-20T08:46:35.000Z,2008-05-20T08:47:27.000Z,cm,153,Fraser Dr Reserve,Fraser Dr,NORTH HAVEN,Passive,,,,2656.381852,669.859815
353,2008-05-20T08:46:35.000Z,,cm,155,G E Hunter Reserve,Fraser Dr,NORTH HAVEN,Passive,,,,10839.008879,1089.356926
354,2008-05-16T10:17:08.000Z,2008-05-20T08:52:28.000Z,cm,126,Military Rd Median,Strathfield Tce - Kolapore Ave,LARGS NORTH,Passive,,,,5082.96848,906.098484
355,2005-11-02T09:46:35.000Z,2008-05-20T08:56:47.000Z,cm,250,Charron Dr Reserve,Charron Dr,TAPEROO,Passive,,,,7961.873351,738.14913
356,2008-05-16T09:27:08.000Z,2008-05-20T08:57:57.000Z,cm,128,Railway Tce,Moldavia Walk to Strathfield Tce,TAPEROO,Passive,,,,10571.521353,3392.465716
357,2008-05-16T10:01:15.000Z,2008-05-20T08:59:22.000Z,cm,259,Strathfield Medians,Lady Gowrie Dr to Victoria Rd,LARGS NORTH,Passive,,,,13116.334633,1766.736243
358,2005-11-02T09:46:25.000Z,2008-05-20T09:09:36.000Z,cm,129,Snowdens Beach,End of Willochra St,LARGS NORTH,Passive,,,,25589.344347,1719.436687
359,2008-05-15T09:51:56.000Z,2008-05-20T09:19:08.000Z,cm,217,Allan Iverson Reserve,Grand Junction Rd,PORT ADELAIDE,Active,,,,18767.331352,593.504412
360,2008-05-15T10:09:53.000Z,2008-05-20T09:20:40.000Z,cm,524,Port Adelaide Rugby,Old Port Rd Ext,PORT ADELAIDE,Active,,,,28524.990507,702.791485
361,2008-05-15T09:50:33.000Z,2008-05-20T09:20:48.000Z,cm,525,Port Adelaide Football,Baynes Pl,PORT ADELAIDE,Active,,,,32705.187827,786.372021
362,2005-11-02T09:46:33.000Z,2008-05-20T10:45:17.000Z,cm,232,Sunnybrae Farm,Gallipoli Dr & Tikalara St,REGENCY PARK,Passive,,,,27614.767757,671.587602
363,2005-11-02T09:46:33.000Z,2008-05-20T10:54:02.000Z,cm,229,HEP Drainage Channel,Naweena Rd,REGENCY PARK,Passive,,,,93459.222857,5725.55054
365,2008-10-13T11:45:19.000Z,2008-10-13T11:52:08.000Z,cm,531,Promenade Newport Reserve,Wirra Dr,NEW PORT,Passive,Reserve,,,5568.331661,949.665086
366,2008-10-15T15:28:57.000Z,2008-10-15T15:29:49.000Z,cm,169,Victoria Rd,Between OsborneRd & Himalaya Dr,NORTH HAVEN,Passive,Native shrub plantings,,,28648.784866,4698.550764
367,2009-12-09T00:00:00.000Z,,cm,532,Yeltu Court Reserve,Yeltu Court,NEW PORT,Passive,,,,298.768378,81.633917
368,2009-12-09T00:00:00.000Z,,cm,514,Parri Cresent Reserve,Parri Cres,NEW PORT,Passive,,,,2467.597143,457.903552
369,,,cm,510,Yao Cove Reserve,Yao Cove,NEW PORT,Passive,,,,2271.961654,278.362086
370,2009-12-09T00:00:00.000Z,,cm,533,Lartelare Reserve,Wirra Drive,NEW PORT,Passive,,,,6746.277464,579.976934
371,2009-12-09T00:00:00.000Z,,cm,128,Railway Tce,Marmora Tce to Moldavia Walk,OSBORNE,Passive,,,,2636.848198,431.542619
372,2009-12-09T00:00:00.000Z,,cm,512,Perkins Drive Reserve,Perkins Drive,PORT ADELAIDE,Passive,,,,13414.29442,629.742123
373,2009-12-09T00:00:00.000Z,,cm,511,Perkins Drive Landscape,Perkins Drive,PORT ADELAIDE,Passive,,,,5483.693355,1068.792795
374,2005-11-02T09:46:14.000Z,2008-05-16T09:08:21.000Z,cm,14,Victoria Rd Median,Hargrave St to Swigg St,BIRKENHEAD,Passive,Streetscape,,,3151.282762,1112.527216
375,2009-12-09T00:00:00.000Z,,cm,558,Northfield Hall Gardens,Pettitt St,NORTHFIELD,Passive,,,,864.540467,129.807593
376,2009-12-09T00:00:00.000Z,,cm,353,Vickers Vimy Plantation,Navigator Dr,NORTHGATE,Passive,,,,431.495857,153.835557
377,2008-05-19T13:44:55.000Z,2008-05-19T14:05:37.000Z,cm,316,Folland Ave Landscapes,Folland Ave,NORTHGATE,Passive,,,,9613.344551,4027.995231
378,2009-12-10T00:00:00.000Z,2010-01-29T00:00:00.000Z,cm,546,City View Bvd Reserve,City View Bvd,NORTHGATE,Passive,,,,4997.087341,734.43537
379,2009-12-10T00:00:00.000Z,,cm,547,The Strand Reserve,The Strand,NORTHGATE,Passive,,,,7556.917092,354.764755
380,2009-12-10T00:00:00.000Z,,cm,548,Kingston Pde Reserve,Kingston Pde,NORTHGATE,Passive,,,,653.931905,130.605927
381,2009-12-10T00:00:00.000Z,,cm,549,Francis St Reserve,Francis St,NORTHGATE,Passive,,,,4371.653892,255.363777
382,2009-12-10T00:00:00.000Z,,cm,561,Prospect Rd Streetscape,Prospect Rd,BLAIR ATHOL,Passive,,,,2605.292583,1902.122055
383,2010-01-29T00:00:00.000Z,,cm,550,Lights View Civic Place,City View Bvd,NORTHGATE,Passive,,,,3384.666629,277.334424
384,2010-01-28T00:00:00.000Z,,cm,513,Veitch Rd Landscape,Veitch Rd,OSBORNE,Passive,,,,6725.915211,1315.312937
385,2010-01-28T00:00:00.000Z,,cm,534,Mascotte St Reserve,Mascotte St,OSBORNE,Passive,,,,1369.185948,149.380423
386,2010-01-28T00:00:00.000Z,,cm,560,Le Fevre Recreation Reserve,Victoria Rd,OSBORNE,Active,,,,36919.94941,769.437064
387,2008-05-15T11:55:30.000Z,2008-05-16T09:03:44.000Z,cm,503,Westbrook Reserve,Leopold Ave,NORTHGATE,Passive,,,,2473.448612,224.669087
388,2010-07-12T00:00:00.000Z,,cm,515,Tarni Court Reserve,Tarni Ct,NEW PORT,Passive,,,,156.24443,169.508837
389,2010-07-12T00:00:00.000Z,,,516,Pilla Ave Reserve,Pilla Ave,NEW PORT,Passive,,,,60.843768,81.509302
390,2010-07-12T00:00:00.000Z,,cm,517,Karka Cove Reserve,Karka Cove,NEW PORT,Passive,,,,330.674023,273.595875
391,2010-07-12T00:00:00.000Z,,cm,526,Taperoo Reserve,Victoria Rd,TAPEROO,Active,,,,43036.854385,904.740027
392,2010-07-12T00:00:00.000Z,,cm,527,Dickenson Close Ponding Basin Reserve,Dickenson Cl,BIRKENHEAD,Passive,,,,10658.791034,824.426688
393,2010-07-12T00:00:00.000Z,,cm,528,Port River Expressway Reserve,Victoria Rd,BIRKENHEAD,Passive,,,,14240.164998,1433.608013
394,2010-11-24T00:00:00.000Z,,cm,529,Matthews Rd Streetscape,Matthews Rd,GEPPS CROSS,Passive,,,,7173.385099,3261.545813
395,2010-11-24T00:00:00.000Z,,cm,530,Gedville Rd / Military Rd Traffic Calming Device,Gedville Rd / Military Rd Intersection,TAPEROO,Passive,,,,379.133294,234.83734
396,2010-11-30T00:00:00.000Z,,cm,540,Ross St Drainage Reserve,Crn Ross St & Corconda St,CLEARVIEW,Passive,Drainage Reserve,138109,18,1039.223479,338.388053
397,2011-10-11T00:00:00.000Z,,cm,551,Holdfast Lane Reserve,East Pkwy,NORTHGATE,Passive,,139471,18,1853.639453,288.533817
398,2011-06-29T00:00:00.000Z,,cm,552,Gandy Lane Reserve,East Pkwy,NORTHGATE,Passive,,138794,18,2506.599555,347.915103
399,2012-02-14T00:00:00.000Z,,cm,562,North Parkway Reserve,North Pkwy,NORTHGATE,,,139960,18,1610.082431,305.77197
404,2012-06-15T00:00:00.000Z,,bt,563,Exeter Tce Streetscape,,DUDLEY PARK,Passive,,140896,18,2485.591142,1522.407127
405,2006-03-28T11:35:16.000Z,2007-02-14T15:05:54.000Z,sdavis,290,Cast Metal Precinct Reserve,,WINGFIELD,Passive,,75820,18,7310.195121,981.135417
406,2010-10-27T00:00:00.000Z,,bt,564,Central Park Reserve,,MANSFIELD PARK,Passive,,137936,18,27257.017283,2023.866084
407,2012-02-14T00:00:00.000Z,,bt,565,Murchison St WSUD Res,,MANSFIELD PARK,Passive,,139963,18,1563.231087,380.089485
408,2012-06-13T00:00:00.000Z,,bt,566,Torrens Rd Tree Screen,,ROSEWATER,,,140870,18,3813.250671,912.718438
409,2012-06-13T00:00:00.000Z,,bt,567,Campbell Ave Res,,ROSEWATER,,,140871,18,574.28996,161.724258
410,2012-06-13T00:00:00.000Z,,bt,568,Webb St Res,,PORT ADELAIDE,Passive,,140872,18,1354.761794,144.617683
411,2012-06-13T00:00:00.000Z,,bt,569,Old Port Rd Tree Screen,,PORT ADELAIDE,Passive,,140873,18,5599.565441,646.537528
412,2012-06-13T00:00:00.000Z,,bt,570,Lipson St Streetscape,,PORT ADELAIDE,Passive,,75889,18,443.231521,266.534961
413,2012-06-13T00:00:00.000Z,,bt,571,Divett St Streetscape,,PORT ADELAIDE,Passive,,140874,18,700.833361,202.296239
414,2006-03-29T10:03:11.000Z,2008-05-20T09:13:00.000Z,cmathews,210,Nile St Carpark,Civic Centre,PORT ADELAIDE,,,75778,18,1645.540334,842.503191
415,2006-04-04T12:09:29.000Z,2007-02-14T15:05:54.000Z,sdavis,347,Nelson St Reserve,,PORT ADELAIDE,Passive,,75877,18,1609.19478,253.936169
416,2006-03-29T10:30:46.000Z,2007-02-14T15:05:54.000Z,sdavis,214,Wharfe No. 1,,PORT ADELAIDE,Passive,,75782,18,6538.329009,1407.715464
417,2005-11-02T09:46:25.000Z,2007-02-14T15:05:54.000Z,sdavis,125,Mersey Rd Plantation,,LARGS NORTH,Passive,Plantation,75626,18,25389.492132,3875.132082
418,2009-07-13T11:51:05.000Z,2009-07-13T11:57:29.000Z,bthatcher,572,Hamilton Pump Reserve,Hamilton Ave,OSBORNE,Passive,,131562,18,93.159566,42.994885
419,2012-07-11T00:00:00.000Z,,bt,573,Falie Reserve,Archie Badenoch Cct,OSBORNE,Passive,,140991,18,43372.404106,963.370558
420,2012-08-16T00:00:00.000Z,,bt,574,Mutton Cove Buffer,,OSBORNE,Passive,,141397,18,20597.871218,1008.405441
421,2012-06-15T00:00:00.000Z,,bt,575,Nerida Dr Streetscape,,NORTH HAVEN,Passive,,140895,18,1718.869926,571.808922
422,2012-06-13T00:00:00.000Z,,bt,576,Bower Rd Res,,SEMAPHORE SOUTH,Passive,,140869,18,206.98538,72.990985
423,2005-11-02T09:46:34.000Z,2007-02-14T15:05:54.000Z,sdavis,241,Phillips Reserve,Robin Rd Swan Tce,SEMAPHORE,Passive,,75717,18,8078.391544,453.472344
424,2006-03-29T11:43:59.000Z,2011-03-30T00:00:00.000Z,bt,243,Semaphore Streetscape,,SEMAPHORE,Passive,,75719,18,2793.895416,1274.414754
425,2008-11-10T08:29:04.000Z,2008-12-12T13:52:27.000Z,bthatcher,577,Wirra Drive Reserve,Wirra Dr,NEW PORT,Passive,,130153,18,6333.827236,2428.679958
426,2008-11-10T08:48:09.000Z,2009-02-25T08:39:51.000Z,bthatcher,531,Promenade Newport Reserve,Wirra Dr,NEW PORT,Passive,,130155,18,12913.146092,1756.626682
427,2012-06-15T00:00:00.000Z,,bt,580,Canine Association Res,,KILBURN,Passive,,140897,18,507.469187,232.974932
428,2012-06-13T00:00:00.000Z,,bt,581,Ryder St Res,,MANNINGHAM,Passive,,140878,18,553.39911,212.274347
429,2005-11-02T09:46:21.000Z,2007-02-14T15:05:54.000Z,sdavis,86,Whysall Rd Reserve and StScape,Whysall Rd,GREENACRES,Passive,,75591,18,1754.794053,482.902236
430,2012-06-13T00:00:00.000Z,,bt,582,Rellum Rd Depot,,GREENACRES,Passive,,140877,18,4052.018193,281.784156
431,2013-08-14T00:00:00.000Z,,bt,,Kardiyarta Park,Victoria Rd,OUTER HARBOR,Passive,,143037,18,21990.199692,831.128058
432,2013-06-14T00:00:00.000Z,,bt,,Meyer Reserve,Yerlo Dr,LARGS NORTH,Passive,,142749,18,14139.117012,1060.429901
433,2012-06-13T00:00:00.000Z,,bt,,Garden Island Res,,GARDEN ISLAND RES,Passive,,140875,18,8225.872905,571.599236
434,2013-02-18T00:00:00.000Z,,bt,,Proclamation Reserve,,NORTHGATE,Passive,,142098,18,397.201136,141.87591
435,2013-02-18T00:00:00.000Z,,bt,,Roberts St Reserve,,NORTHGATE,Passive,,142100,18,686.435969,104.588834
436,2013-02-26T00:00:00.000Z,,bt,,Eyre Lane Reserve,,NORTHGATE,Passive,,142113,18,279.007927,154.733817
444,2008-05-15T13:44:05.000Z,2008-05-16T09:03:40.000Z,cm,106,Linear Park,Windsor Gr to Riverswide Gr,WINDSOR GARDENS,Passive,,,,244243.717006,9367.881473
